<?xml version="1.0" encoding="UTF-8"?>

<!-- generated on 01/09/20 22:58:30 by Eclipse SUMO duarouter Version 1.2.0
<configuration xmlns:xsi="http://www.w3.org/2001/XMLSchema-instance" xsi:noNamespaceSchemaLocation="http://sumo.dlr.de/xsd/duarouterConfiguration.xsd">

    <input>
        <net-file value="network.net.xml"/>
        <route-files value="trips.trips.xml"/>
    </input>

    <output>
        <output-file value="vehicle.rou.xml"/>
        <alternatives-output value="vehicle.rou.alt.xml"/>
    </output>

    <time>
        <begin value="0"/>
        <end value="5.0"/>
    </time>

    <report>
        <no-warnings value="true"/>
        <ignore-errors value="true"/>
        <no-step-log value="true"/>
    </report>

</configuration>
-->

<routes xmlns:xsi="http://www.w3.org/2001/XMLSchema-instance" xsi:noNamespaceSchemaLocation="http://sumo.dlr.de/xsd/routes_file.xsd">
        <vType id="type1" accel="200" maxSpeed="500" minGap="0.0" color="1,0,0"/>
 	<vType id="type2" accel="300" maxSpeed="500" minGap="0.0" color="0,1,0"/>
  	<vType id="type3" accel="300" maxSpeed="500" minGap="0.0" color="0,0,1"/>
        <vType id="type4" accel="300" maxSpeed="500" minGap="0.0" color="1,0,1"/>
    <vehicle id="0" type="type1" depart="0.00">
        <route edges="-375503001#4 -375503001#3 -375503001#2 -375503001#1 -89186542#1 -89186542#0"/>
        <stop lane="-89186542#0_0" endPos="10" until="1000"/>
    </vehicle>
    <vehicle id="1" type="type4" depart="0.00">
        <route edges="-317964353#0 -93128919#2 89186542#0 89186542#1"/>
        <stop lane="89186542#1_0" endPos="10" until="2000"/>
    </vehicle>
    <vehicle id="2" type="type3" depart="0.00">
        <route edges="317964353#4 -317964353#4 -89186543#4 -89186543#3 -89217626 -89217625#0 375503001#3 375503001#4 89221435#0 -89221435#0"/>
    </vehicle>
    <vehicle id="3" type="type1" depart="0.00">
        <route edges="-317964353#1 -317964353#0  -93128919#2 89186542#0 89186542#1 "/>
        <stop lane="89186542#1_0" endPos="10" until="1000"/>
    </vehicle>
    <vehicle id="4" type="type3" depart="0.00">
        <route edges=" -gneE6 -gneE3 -317964353#5 -317964353#4 -317964353#3 -317964353#2 -317964353#1 -317964353#0 -93128919#2 -93128919#1 -93128919#0 -89217733#0 -89186543#3 -89217626 -89217625#0 "/>
        <stop lane="-93128919#2_0" endPos="10" until="30"/>
    </vehicle>
</routes>
