<?xml version="1.0" encoding="UTF-8"?>

<!-- generated on 01/09/20 22:58:30 by Eclipse SUMO duarouter Version 1.2.0
<configuration xmlns:xsi="http://www.w3.org/2001/XMLSchema-instance" xsi:noNamespaceSchemaLocation="http://sumo.dlr.de/xsd/duarouterConfiguration.xsd">

    <input>
        <net-file value="network.net.xml"/>
        <route-files value="trips.trips.xml"/>
    </input>

    <output>
        <output-file value="vehicle.rou.xml"/>
        <alternatives-output value="vehicle.rou.alt.xml"/>
    </output>

    <time>
        <begin value="0"/>
        <end value="5.0"/>
    </time>

    <report>
        <no-warnings value="true"/>
        <ignore-errors value="true"/>
        <no-step-log value="true"/>
    </report>

</configuration>
-->

<routes xmlns:xsi="http://www.w3.org/2001/XMLSchema-instance" xsi:noNamespaceSchemaLocation="http://sumo.dlr.de/xsd/routes_file.xsd">
    <vehicle id="0" depart="0.00">
        <routeDistribution last="0">
            <route cost="35.89" probability="1.00000000" edges="89186542#1 375503001#1 375503001#2 375503001#3 375503001#4 -375503001#4"/>
        </routeDistribution>
    </vehicle>
    <vehicle id="1" depart="1.00">
        <routeDistribution last="0">
            <route cost="109.17" probability="1.00000000" edges="-375503001#5 89221435#0 -89221437"/>
        </routeDistribution>
    </vehicle>
    <vehicle id="2" depart="2.00">
        <routeDistribution last="0">
            <route cost="69.79" probability="1.00000000" edges="317964353#4 -317964353#4 -89186543#4 -89186543#3 -89217626 -89217625#0 375503001#3 375503001#4 89221435#0 -89221435#0"/>
        </routeDistribution>
    </vehicle>
    <vehicle id="3" depart="3.00">
        <routeDistribution last="0">
            <route cost="29.64" probability="1.00000000" edges="93128919#2 -93128919#2 -93128919#1 -93128919#0"/>
        </routeDistribution>
    </vehicle>
    <vehicle id="4" depart="4.00">
        <routeDistribution last="0">
            <route cost="25.68" probability="1.00000000" edges="-317964353#3 -317964353#2 -317964353#1 -317964353#0 -93128919#2"/>
        </routeDistribution>
    </vehicle>
</routes>
